5226364,Wikipedia,14,NULL,-1,16,NULL,0
11795463,Help,14,NULL,-1,15,NULL,0
12721928,Sandbox,14,NULL,-1,14,NULL,0
9213436,Kent,14,NULL,-1,14,NULL,0
5671335,London,14,NULL,-1,14,NULL,0
5241042,Sega,14,NULL,-1,14,NULL,0
5240051,Nintendo,14,NULL,-1,14,NULL,0
5071287,War,14,NULL,-1,14,NULL,0
5068522,Mars,14,NULL,-1,14,NULL,0
5040177,Time,14,NULL,-1,14,NULL,0
5020448,Comics,14,NULL,-1,14,1,0
5013714,Christianity,14,NULL,-1,14,NULL,0
4996286,Agriculture,14,NULL,-1,14,NULL,0
4994101,Science,14,NULL,-1,14,1,1
4991805,Music,14,NULL,-1,14,1,0
4991780,Language,14,NULL,-1,14,NULL,0
4990965,Law,14,NULL,-1,14,1,1
12748799,Math,14,NULL,-1,13,NULL,0
12714422,Redirect,14,NULL,-1,13,NULL,0
12186309,MAIN PAGE,0,NULL,-1,13,NULL,0
12024237,Math,0,NULL,-1,13,NULL,0
7750340,Nicktoons,14,NULL,-1,13,NULL,0
6914777,Nicktoons,0,NULL,-1,13,NULL,0
6379996,Lady Gaga,0,NULL,-1,13,NULL,0
5205074,Harry Potter,14,NULL,-1,13,NULL,0
5075630,Puerto Rico,14,NULL,-1,13,NULL,0
5056535,Color,14,NULL,-1,13,NULL,0
5010963,Hinduism,14,NULL,-1,13,NULL,0
4994117,Technology,14,NULL,-1,13,1,1
4992885,Business,14,NULL,-1,13,NULL,0
4992019,Medicine,14,NULL,-1,13,NULL,0
4991008,Energy,14,NULL,-1,13,NULL,0
4990983,Mathematics,14,NULL,-1,13,1,1
4990959,History,14,NULL,-1,13,1,1
12833891,Led Zeppelin,14,NULL,-1,12,NULL,0
12715740,Austin,14,NULL,-1,12,NULL,0
12698878,1,14,NULL,-1,12,NULL,0
12698872,4,14,NULL,-1,12,NULL,0
12056520,ISBN,0,NULL,-1,12,NULL,0
12023686,Austin,0,NULL,-1,12,NULL,0
10255816,Cartoon Network,14,NULL,-1,12,NULL,0
10139404,Rihanna,14,NULL,-1,12,NULL,0
9760177,Pittsburgh,14,NULL,-1,12,NULL,0
9686219,Chicago,14,NULL,-1,12,NULL,0
9605466,NASCAR,14,NULL,-1,12,NULL,0
9539245,Cartoon Network,0,NULL,-1,12,NULL,0
9323799,Calgary,14,NULL,-1,12,NULL,0
9306256,Calgary,0,NULL,-1,12,NULL,0
8753351,NASCAR,0,NULL,-1,12,NULL,0
8675849,Chicago,0,NULL,-1,12,NULL,0
8666351,Skin,14,NULL,-1,12,NULL,0
8120126,Linux,14,NULL,-1,12,NULL,0
7966968,Green Day,0,NULL,-1,12,NULL,0
7964679,Led Zeppelin,0,NULL,-1,12,NULL,0
7964076,Grateful Dead,0,NULL,-1,12,NULL,0
7750046,Nickelodeon,14,NULL,-1,12,NULL,0
7749381,Nickelodeon,0,NULL,-1,12,NULL,0
7371255,Linux,0,NULL,-1,12,NULL,0
6493145,Rihanna,0,NULL,-1,12,NULL,0
6019309,Skin,0,NULL,-1,12,NULL,0
5908056,Pittsburgh,0,NULL,-1,12,NULL,0
5743485,Indiana,14,NULL,-1,12,NULL,0
5684157,Lego,14,NULL,-1,12,NULL,0
5495224,San Diego,14,NULL,-1,12,NULL,0
5447455,Java,14,NULL,-1,12,NULL,0
5333719,Catholicism,14,NULL,-1,12,NULL,0
5278532,Beer,14,NULL,-1,12,NULL,0
5268172,Futurama,14,NULL,-1,12,NULL,0
5262996,Peer review,14,NULL,-1,12,NULL,0
5250233,Animation,14,NULL,-1,12,1,0
5217401,Esperanto,14,NULL,-1,12,NULL,0
5205081,Google,14,NULL,-1,12,NULL,0
5204521,Star Trek,14,NULL,-1,12,NULL,0
5159485,The Simpsons,14,NULL,-1,12,NULL,0
5148304,Donald Trump,14,NULL,-1,12,1,0
5132025,Golf,14,NULL,-1,12,NULL,0
5127154,Romania,14,NULL,-1,12,NULL,0
5124393,Asia,14,NULL,-1,12,NULL,0
5077011,Switzerland,14,NULL,-1,12,NULL,0
5071194,Books,14,NULL,-1,12,NULL,0
5069566,Turkey,14,NULL,-1,12,NULL,0
5042250,Space,14,NULL,-1,12,NULL,0
5035344,Yoga,14,NULL,-1,12,1,0
5035083,Style,14,NULL,-1,12,NULL,0
5030554,Bible,14,NULL,-1,12,NULL,0
5015572,Community of Christ,14,NULL,-1,12,NULL,0
5013618,Islam,14,NULL,-1,12,1,0
5011511,Chemistry,14,NULL,-1,12,1,0
5011483,Physics,14,NULL,-1,12,1,0
5011355,Moon,14,NULL,-1,12,NULL,0
5010615,Computer science,14,NULL,-1,12,NULL,0
5008544,Neuroscience,14,NULL,-1,12,1,0
5005878,Judaism,14,NULL,-1,12,NULL,0
5005776,Pi,14,NULL,-1,12,NULL,0
5002791,Stargate,14,NULL,-1,12,NULL,0
5000431,Love,14,NULL,-1,12,NULL,0
5000397,Education,14,NULL,-1,12,1,1
4999566,Flags,14,NULL,-1,12,NULL,0
4997640,Design,14,NULL,-1,12,NULL,0
4995892,Transport,14,NULL,-1,12,NULL,0
4995445,Chess,14,NULL,-1,12,1,0
4995109,Terrorism,14,NULL,-1,12,1,0
4992377,Philosophy of science,14,NULL,-1,12,NULL,0
4992180,Linguistics,14,NULL,-1,12,NULL,0
4992021,Anthropology,14,NULL,-1,12,1,0
4992016,Sociology,14,NULL,-1,12,NULL,0
4991940,Logic,14,NULL,-1,12,NULL,0
4991063,Earth,14,NULL,-1,12,NULL,0
4990980,Philosophy,14,NULL,-1,12,1,1
4990978,Religion,14,NULL,-1,12,1,1
4990976,Geography,14,NULL,-1,12,1,1
4990962,Health,14,NULL,-1,12,1,1
12833877,Motörhead,14,NULL,-1,11,NULL,0
12790678,Psych,14,NULL,-1,11,NULL,0
12752033,Rush,14,NULL,-1,11,NULL,0
12750998,Animal,14,NULL,-1,11,NULL,0
12742218,Main,14,NULL,-1,11,NULL,0
12739014,Stub,14,NULL,-1,11,NULL,0
12735027,Art,14,NULL,-1,11,0,0
12718800,Categories,14,NULL,-1,11,NULL,0
12714045,Test,14,NULL,-1,11,NULL,0
12710511,Shakespeare,14,NULL,-1,11,NULL,0
12698877,2,14,NULL,-1,11,NULL,0
12446537,Categories,0,NULL,-1,11,NULL,0
12333143,Cars,14,NULL,-1,11,0,0
12332784,Madonna,14,NULL,-1,11,NULL,0
12244013,Bryan Adams,14,NULL,-1,11,NULL,0
12243999,Celine Dion,14,NULL,-1,11,NULL,0
11617215,Shakespeare,0,NULL,-1,11,NULL,0
10413325,Alternative rock,14,NULL,-1,11,NULL,0
10413303,Alternative rock,0,NULL,-1,11,NULL,0
10076662,SpongeBob SquarePants,14,NULL,-1,11,NULL,0
9693710,Miami,14,NULL,-1,11,NULL,0
9692175,Seattle,14,NULL,-1,11,NULL,0
9682207,Atlanta,14,NULL,-1,11,NULL,0
9472457,Atlanta,0,NULL,-1,11,NULL,0
9408553,Motörhead,0,NULL,-1,11,NULL,0
9387551,Psych,0,NULL,-1,11,NULL,0
8921717,Linkin Park,0,NULL,-1,11,NULL,0
8692460,AbOUT,0,NULL,-1,11,NULL,0
7756761,Apple,0,NULL,-1,11,NULL,0
7503880,The Beatles,14,NULL,-1,11,NULL,0
7503800,The Beatles,0,NULL,-1,11,NULL,0
7486811,Frank Sinatra,0,NULL,-1,11,NULL,0
7477681,U2,0,NULL,-1,11,NULL,0
7436547,SpongeBob SquarePants,0,NULL,-1,11,NULL,0
7296993,Miami,0,NULL,-1,11,NULL,0
7293624,Seattle,0,NULL,-1,11,NULL,0
7028868,Hostyle Gospel,0,NULL,-1,11,NULL,0
6874617,EChO,0,NULL,-1,11,NULL,0
6846291,Adele,0,NULL,-1,11,NULL,0
6753153,Celine Dion,0,NULL,-1,11,NULL,0
6534418,Eminem,0,NULL,-1,11,NULL,0
6259044,Bryan Adams,0,NULL,-1,11,NULL,0
5859767,Animal,0,NULL,-1,11,NULL,0
5840514,Wikidata,0,NULL,-1,11,NULL,0
5830692,Art,0,NULL,-1,11,0,0
5746454,Family Guy,14,NULL,-1,11,NULL,0
5744274,Nevada,14,NULL,-1,11,NULL,0
5744235,Wyoming,14,NULL,-1,11,NULL,0
5744089,Colorado,14,NULL,-1,11,NULL,0
5743504,Massachusetts,14,NULL,-1,11,NULL,0
5742459,New York,14,NULL,-1,11,NULL,0
5739181,Rhode Island,14,NULL,-1,11,NULL,0
5737538,Amsterdam,14,NULL,-1,11,NULL,0
5728642,SQL,14,NULL,-1,11,NULL,0
5711477,Blues,14,NULL,-1,11,NULL,0
5683244,Heart,14,NULL,-1,11,NULL,0
5679878,Detroit,14,NULL,-1,11,NULL,0
5679864,New York City,14,NULL,-1,11,NULL,0
5672607,Animals,14,NULL,-1,11,NULL,0
5501413,Britney Spears,14,NULL,-1,11,NULL,0
5488193,Karnataka,14,NULL,-1,11,NULL,0
5472700,1984,14,NULL,-1,11,NULL,0
5430360,Tirana,14,NULL,-1,11,NULL,0
5405026,Alberta,14,NULL,-1,11,NULL,0
5376860,Percussion,14,NULL,-1,11,NULL,0
5343033,Rock music,14,NULL,-1,11,NULL,0
5326448,United Nations,14,NULL,-1,11,NULL,0
5315860,Help desk,14,NULL,-1,11,NULL,0
5300713,Pink Floyd,14,NULL,-1,11,NULL,0
5294191,Coffee,14,NULL,-1,11,NULL,0
5265294,Global warming,14,NULL,-1,11,1,0
5254048,Discworld,14,NULL,-1,11,NULL,0
5249972,South Park,14,NULL,-1,11,NULL,0
5220146,Nudity,14,NULL,-1,11,NULL,0
5210793,Paranormal,14,NULL,-1,11,NULL,0
5205364,Archives,14,NULL,-1,11,NULL,0
5202882,James Bond,14,NULL,-1,11,NULL,0
5200189,Psychology,14,NULL,-1,11,NULL,0
5192071,Micronations,14,NULL,-1,11,NULL,0
5172648,Ben 10,14,NULL,-1,11,NULL,0
5151204,Martial arts,14,NULL,-1,11,NULL,0
5145833,Tanzania,14,NULL,-1,11,NULL,0
5145753,Senegal,14,NULL,-1,11,NULL,0
5137628,Delhi,14,NULL,-1,11,NULL,0
5136545,Lebanon,14,NULL,-1,11,NULL,0
5124364,Africa,14,NULL,-1,11,NULL,0
5120082,Vikings,14,NULL,-1,11,NULL,0
5110523,Solar System,14,NULL,-1,11,NULL,0
5099123,Barack Obama,14,NULL,-1,11,NULL,0
5085845,Fantasy,14,NULL,-1,11,1,0
5084975,England,14,NULL,-1,11,NULL,0
5084924,Piracy,14,NULL,-1,11,NULL,0
5077213,Slovakia,14,NULL,-1,11,NULL,0
5076739,Punk,14,NULL,-1,11,NULL,0
5056336,Internet,14,NULL,-1,11,NULL,0
5049699,Roman Empire,14,NULL,-1,11,NULL,0
5047540,Fire,14,NULL,-1,11,NULL,0
5046572,Electronic music,14,NULL,-1,11,NULL,0
5046454,Sex,14,NULL,-1,11,NULL,0
5045861,Plants,14,NULL,-1,11,NULL,0
5043288,Rhetoric,14,NULL,-1,11,NULL,0
5042340,Quran,14,NULL,-1,11,NULL,0
5037768,Doctor Who,14,NULL,-1,11,NULL,0
5037031,Comedy,14,NULL,-1,11,1,1
5030750,Mythology,14,NULL,-1,11,1,0
5030470,India,14,NULL,-1,11,1,0
5026303,Translation,14,NULL,-1,11,NULL,0
5025796,Error,14,NULL,-1,11,NULL,0
5024311,Opera,14,NULL,-1,11,NULL,0
5018766,Ancient Egypt,14,NULL,-1,11,NULL,0
5017527,Architecture,14,NULL,-1,11,NULL,0
5013015,Bitcoin,14,NULL,-1,11,NULL,0
5011841,Cats,14,NULL,-1,11,1,0
5011462,Astronomy,14,NULL,-1,11,1,0
5010985,Buddhism,14,NULL,-1,11,NULL,0
5008782,Anatomy,14,NULL,-1,11,NULL,0
5007877,Sustainability,14,NULL,-1,11,NULL,0
5007777,Muhammad,14,NULL,-1,11,NULL,0
5007043,Transgender,14,NULL,-1,11,NULL,0
5005914,Shinto,14,NULL,-1,11,NULL,0
5005894,Sikhism,14,NULL,-1,11,NULL,0
5005220,Feminism,14,NULL,-1,11,1,0
5003682,Films,14,NULL,-1,11,1,0
5003161,Censorship,14,NULL,-1,11,NULL,0
5001284,Film,14,NULL,-1,11,1,0
5000112,Cannabis,14,NULL,-1,11,NULL,0
4999156,Star Wars,14,NULL,-1,11,NULL,0
4999133,Antarctica,14,NULL,-1,11,NULL,0
4998778,Pharmacology,14,NULL,-1,11,NULL,0
4997699,Biology,14,NULL,-1,11,1,0
4995989,Psychiatry,14,NULL,-1,11,NULL,0
4994776,Globalization,14,NULL,-1,11,NULL,0
4993112,Atheism,14,NULL,-1,11,NULL,0
4992480,Community,14,NULL,-1,11,NULL,0
4992136,Lists,14,NULL,-1,11,NULL,0
4991956,Epistemology,14,NULL,-1,11,1,0
4991944,Socialism,14,NULL,-1,11,NULL,0
4991887,Death,14,NULL,-1,11,NULL,0
4991874,Literature,14,NULL,-1,11,1,0
4991758,Languages,14,NULL,-1,11,1,0
4991198,Culture,14,NULL,-1,11,NULL,0
4991168,Disability,14,NULL,-1,11,NULL,0
4991047,Evolution,14,NULL,-1,11,NULL,0
4990982,People,14,NULL,-1,11,NULL,0
4990967,Politics,14,NULL,-1,11,1,1
12833889,The Rolling Stones,14,NULL,-1,10,NULL,0
12833886,The Clash,14,NULL,-1,10,NULL,0
12833861,Girls Aloud,14,NULL,-1,10,NULL,0
12779081,CS1,14,NULL,-1,10,NULL,0
12737421,Colours,14,NULL,-1,10,NULL,0
12728783,Template,14,NULL,-1,10,NULL,0
12722154,Arabic,14,NULL,-1,10,NULL,0
12715741,PSY,14,NULL,-1,10,NULL,0
12707603,Furry,14,NULL,-1,10,NULL,0
12333418,Disney,14,NULL,-1,10,NULL,0
12332965,Georgia,14,NULL,-1,10,NULL,0
12332668,Avatar,14,NULL,-1,10,NULL,0
12244022,Avril Lavigne,14,NULL,-1,10,NULL,0
12244017,Shania Twain,14,NULL,-1,10,NULL,0
12065038,Citation needed,0,NULL,-1,10,NULL,0
12016916,Disney,0,NULL,-1,10,NULL,0
11795459,Contents,0,NULL,-1,10,NULL,0
11326731,Friends,14,NULL,-1,10,NULL,0
11282614,Turtles,14,NULL,-1,10,NULL,0
11013082,Fish,14,NULL,-1,10,NULL,0
9834104,Brisbane,14,NULL,-1,10,NULL,0
9710628,Indianapolis,14,NULL,-1,10,NULL,0
9692356,Seattle Sounders FC,14,NULL,-1,10,NULL,0
9689551,Dallas,14,NULL,-1,10,NULL,0
9678529,My Chemical Romance,14,NULL,-1,10,NULL,0
9637912,Long Island,14,NULL,-1,10,NULL,0
9628867,Dallas,0,NULL,-1,10,NULL,0
9588572,Boston,14,NULL,-1,10,NULL,0
9550740,Seattle Sounders FC,0,NULL,-1,10,NULL,0
9487292,Los Angeles,14,NULL,-1,10,NULL,0
9386567,Montreal,14,NULL,-1,10,NULL,0
9275306,Yorkshire,14,NULL,-1,10,NULL,0
9213592,Surrey,14,NULL,-1,10,NULL,0
9213580,Staffordshire,14,NULL,-1,10,NULL,0
9213463,Berkshire,14,NULL,-1,10,NULL,0
9213321,Berkshire,0,NULL,-1,10,NULL,0
9172225,Cleveland,14,NULL,-1,10,NULL,0
9149257,Merseyside,14,NULL,-1,10,NULL,0
9149132,Cumbria,14,NULL,-1,10,NULL,0
9147922,Cheshire,14,NULL,-1,10,NULL,0
9035521,Girls Aloud,0,NULL,-1,10,NULL,0
8921990,Bon Jovi,0,NULL,-1,10,NULL,0
8810497,Studio Ghibli,14,NULL,-1,10,NULL,0
8803578,New England,14,NULL,-1,10,NULL,0
8743348,Studio Ghibli,0,NULL,-1,10,NULL,0
8720292,The Supremes,0,NULL,-1,10,NULL,0
8671288,Boston,0,NULL,-1,10,NULL,0
8644443,Staffordshire,0,NULL,-1,10,NULL,0
8639596,Long Island,0,NULL,-1,10,NULL,0
8615082,Weezer,0,NULL,-1,10,NULL,0
8585584,Unix,14,NULL,-1,10,NULL,0
8539780,Burger King,14,NULL,-1,10,NULL,0
8465119,AC/DC,0,NULL,-1,10,NULL,0
8418324,Opeth,0,NULL,-1,10,NULL,0
8407533,Chinese,0,NULL,-1,10,NULL,0
8370882,Indianapolis,0,NULL,-1,10,NULL,0
8095895,Cleveland,0,NULL,-1,10,NULL,0
7976171,Burger King,0,NULL,-1,10,NULL,0
7965761,The Rolling Stones,0,NULL,-1,10,NULL,0
7959520,Coke Studio (Pakistan),14,NULL,-1,10,NULL,0
7947995,Los Angeles,0,NULL,-1,10,NULL,0
7769469,Evanescence,0,NULL,-1,10,NULL,0
7755024,Brisbane,0,NULL,-1,10,NULL,0
7711438,Inland Empire,14,NULL,-1,10,NULL,0
7656666,Queens of the Stone Age,0,NULL,-1,10,NULL,0
7584219,The Beach Boys,0,NULL,-1,10,NULL,0
7508794,Perl,14,NULL,-1,10,NULL,0
7476935,Jane Austen,14,NULL,-1,10,NULL,0
7464356,Mitt Romney,14,NULL,-1,10,NULL,0
7415576,Unix,0,NULL,-1,10,NULL,0
7397785,SUBST,0,NULL,-1,10,NULL,0
7368962,Perl,0,NULL,-1,10,NULL,0
7353724,My Chemical Romance,0,NULL,-1,10,NULL,0
7267536,Arabic,0,NULL,-1,10,NULL,0
7261085,New England,0,NULL,-1,10,NULL,0
7259358,Montreal,0,NULL,-1,10,NULL,0
7176276,Jane Austen,0,NULL,-1,10,NULL,0
7161796,Franz Liszt,0,NULL,-1,10,NULL,0
7124901,Port Harcourt,14,NULL,-1,10,NULL,0
7123758,Birds,14,NULL,-1,10,NULL,0
7113350,Merseyside,0,NULL,-1,10,NULL,0
7113307,Cumbria,0,NULL,-1,10,NULL,0
7113262,Cheshire,0,NULL,-1,10,NULL,0
7100713,Friends,0,NULL,-1,10,NULL,0
7030966,Elvis Presley,0,NULL,-1,10,NULL,0
6972740,The Clash,0,NULL,-1,10,NULL,0
6923653,Selena,0,NULL,-1,10,NULL,0
6920251,James Brown,0,NULL,-1,10,NULL,0
6862550,Avatar,0,NULL,-1,10,NULL,0
6733228,Christina Aguilera,0,NULL,-1,10,NULL,0
6692021,Shania Twain,0,NULL,-1,10,NULL,0
6677985,Psy,0,NULL,-1,10,NULL,0
6635238,Ariana Grande,0,NULL,-1,10,NULL,0
6621922,Bob Dylan,0,NULL,-1,10,NULL,0
6550074,Leona Lewis,0,NULL,-1,10,NULL,0
6507404,Ennio Morricone,0,NULL,-1,10,NULL,0
6498422,Kylie Minogue,0,NULL,-1,10,NULL,0
6453039,Beyoncé,0,NULL,-1,10,NULL,0
6438755,Katy Perry,0,NULL,-1,10,NULL,0
6422237,HaLo,0,NULL,-1,10,NULL,0
6271444,Christopher Nolan,0,NULL,-1,10,NULL,0
6191853,Moby,0,NULL,-1,10,NULL,0
6191732,Beck,0,NULL,-1,10,NULL,0
6191109,Mitt Romney,0,NULL,-1,10,NULL,0
6163191,Kanye West,0,NULL,-1,10,NULL,0
6091070,Jennifer Lopez,0,NULL,-1,10,NULL,0
6062255,Mariah Carey,0,NULL,-1,10,NULL,0
6005568,Shakira,0,NULL,-1,10,NULL,0
5994685,Miles Davis,0,NULL,-1,10,NULL,0
5966461,Avril Lavigne,0,NULL,-1,10,NULL,0
5903618,Authority control,0,NULL,-1,10,NULL,0
5875405,Fish,0,NULL,-1,10,NULL,0
5868027,Frank Zappa,0,NULL,-1,10,NULL,0
5844107,Sakis Rouvas,0,NULL,-1,10,NULL,0
5843871,CS1,0,NULL,-1,10,NULL,0
5834949,Biography,0,NULL,-1,10,NULL,0
5747890,Ballet,14,NULL,-1,10,NULL,0
5744409,Delaware,14,NULL,-1,10,NULL,0
5744289,Pennsylvania,14,NULL,-1,10,NULL,0
5744215,Kentucky,14,NULL,-1,10,NULL,0
5743973,Utah,14,NULL,-1,10,NULL,0
5743951,Texas,14,NULL,-1,10,NULL,0
5743913,Illinois,14,NULL,-1,10,NULL,0
5743754,Oregon,14,NULL,-1,10,NULL,0
5743563,Kansas,14,NULL,-1,10,NULL,0
5743541,Vermont,14,NULL,-1,10,NULL,0
5743465,Iowa,14,NULL,-1,10,NULL,0
5736971,Lagos,14,NULL,-1,10,NULL,0
5736843,Arkansas,14,NULL,-1,10,NULL,0
5736803,Mississippi,14,NULL,-1,10,NULL,0
5736790,Georgia (U.S. state),14,NULL,-1,10,NULL,0
5736767,Florida,14,NULL,-1,10,NULL,0
5736627,Bangalore,14,NULL,-1,10,NULL,0
5735930,Manila,14,NULL,-1,10,NULL,0
5719673,Robot Chicken,14,NULL,-1,10,NULL,0
5694838,Punk rock,14,NULL,-1,10,NULL,0
5678552,MTR,14,NULL,-1,10,NULL,0
5608235,Progressive rock,14,NULL,-1,10,NULL,0
5599386,Virginia,14,NULL,-1,10,NULL,0
5596695,Bangladesh Premier League,14,NULL,-1,10,NULL,0
5596540,Indian Premier League,14,NULL,-1,10,NULL,0
5596083,Pakistan Super League,14,NULL,-1,10,NULL,0
5553152,Nicki Minaj,14,NULL,-1,10,NULL,0
5511936,Louisiana,14,NULL,-1,10,NULL,0
5503294,Van Halen,14,NULL,-1,10,NULL,0
5502115,Miley Cyrus,14,NULL,-1,10,NULL,0
5492222,Abu Dhabi,14,NULL,-1,10,NULL,0
5491978,Chhattisgarh,14,NULL,-1,10,NULL,0
5491828,Bihar,14,NULL,-1,10,NULL,0
5489972,Chennai,14,NULL,-1,10,NULL,0
5489811,Kollam,14,NULL,-1,10,NULL,0
5487925,Kerala,14,NULL,-1,10,NULL,0
5487730,Rajasthan,14,NULL,-1,10,NULL,0
5479020,Bavaria,14,NULL,-1,10,NULL,0
5464711,Hawaii,14,NULL,-1,10,NULL,0
5440942,Anglicanism,14,NULL,-1,10,NULL,0
5424362,Faisalabad,14,NULL,-1,10,NULL,0
5415308,BP,14,NULL,-1,10,NULL,0
5405195,Ontario,14,NULL,-1,10,NULL,0
5393225,Ottawa,14,NULL,-1,10,NULL,0
5390817,Eye,14,NULL,-1,10,NULL,0
5390341,Argentina,14,NULL,-1,10,NULL,0
5385939,JavaScript,14,NULL,-1,10,1,0
5383748,Canada,14,NULL,-1,10,NULL,0
5378735,Microsoft,14,NULL,-1,10,NULL,0
5377183,Journalism,14,NULL,-1,10,1,0
5375007,Mexico,14,NULL,-1,10,0,0
5362457,Bristol,14,NULL,-1,10,NULL,0
5362185,Somerset,14,NULL,-1,10,NULL,0
5362149,Devon,14,NULL,-1,10,NULL,0
5361533,Charles Dickens,14,NULL,-1,10,NULL,0
5337473,Databases,14,NULL,-1,10,NULL,0
5327687,Islands,14,NULL,-1,10,NULL,0
5324544,Chile,14,NULL,-1,10,NULL,0
5317309,Chechnya,14,NULL,-1,10,NULL,0
5313256,Geert Wilders,14,NULL,-1,10,NULL,0
5290211,Wine,14,NULL,-1,10,NULL,0
5275471,Bacon,14,NULL,-1,10,NULL,0
5271695,BBC,14,NULL,-1,10,NULL,0
5261289,Finance,14,NULL,-1,10,1,0
5260115,Aircraft,14,NULL,-1,10,NULL,0
5256249,Texas Tech University,14,NULL,-1,10,NULL,0
5250771,Pirates of the Caribbean,14,NULL,-1,10,NULL,0
5250600,Gundam,14,NULL,-1,10,NULL,0
5250248,Indiana Jones,14,NULL,-1,10,NULL,0
5249682,A Nightmare on Elm Street,14,NULL,-1,10,NULL,0
5248700,"Ed, Edd n Eddy",14,NULL,-1,10,NULL,0
5239110,Godzilla,14,NULL,-1,10,NULL,0
5226694,Cycling,14,NULL,-1,10,NULL,0
5224329,Leonardo da Vinci,14,NULL,-1,10,NULL,0
5220115,Sewing,14,NULL,-1,10,NULL,0
5216544,EastEnders,14,NULL,-1,10,NULL,0
5209785,Fur,14,NULL,-1,10,NULL,0
5200514,Statistics,14,NULL,-1,10,NULL,0
5199197,Wikimedia Foundation,14,NULL,-1,10,NULL,0
5199195,Forestry,14,NULL,-1,10,NULL,0
5193110,Robotics,14,NULL,-1,10,1,0
5189348,Unicode,14,NULL,-1,10,NULL,0
5187500,Berlin,14,NULL,-1,10,NULL,0
5156453,Justin Bieber,14,NULL,-1,10,NULL,0
5145543,Algeria,14,NULL,-1,10,NULL,0
5143214,University of Cambridge,14,NULL,-1,10,NULL,0
5140722,The Legend of Zelda,14,NULL,-1,10,NULL,0
5140670,September 11 attacks,14,NULL,-1,10,NULL,0
5138142,Toronto,14,NULL,-1,10,NULL,0
5136825,Syria,14,NULL,-1,10,NULL,0
5136417,American Civil War,14,NULL,-1,10,NULL,0
5136315,Malaysia,14,NULL,-1,10,NULL,0
5135969,Bangladesh,14,NULL,-1,10,NULL,0
5135865,Egypt,14,NULL,-1,10,NULL,0
5133504,The Fairly OddParents,14,NULL,-1,10,NULL,0
5131812,China,14,NULL,-1,10,1,0
5131220,World War II,14,NULL,-1,10,NULL,0
5130748,World War I,14,NULL,-1,10,NULL,0
5130319,Motorsport,14,NULL,-1,10,NULL,0
5128228,Alaska,14,NULL,-1,10,NULL,0
5127806,Albania,14,NULL,-1,10,NULL,0
5127135,Spain,14,NULL,-1,10,NULL,0
5127040,Ukraine,14,NULL,-1,10,NULL,0
5118816,North America,14,NULL,-1,10,NULL,0
5117466,Final Fantasy,14,NULL,-1,10,NULL,0
5115774,Dance,14,NULL,-1,10,1,0
5099014,Janet Jackson,14,NULL,-1,10,NULL,0
5098963,Michael Jackson,14,NULL,-1,10,NULL,0
5095392,Dyslexia,14,NULL,-1,10,NULL,0
5087489,Fishing,14,NULL,-1,10,NULL,0
5087348,Baseball,14,NULL,-1,10,NULL,0
5085542,Horse racing,14,NULL,-1,10,NULL,0
5084107,Philippines,14,NULL,-1,10,NULL,0
5078133,Marketing,14,NULL,-1,10,NULL,0
5077488,Uzbekistan,14,NULL,-1,10,NULL,0
5077441,Lithuania,14,NULL,-1,10,NULL,0
5077226,Banks,14,NULL,-1,10,NULL,0
5077167,Wales,14,NULL,-1,10,NULL,0
5077039,Sweden,14,NULL,-1,10,NULL,0
5076738,Serbia,14,NULL,-1,10,NULL,0
5074238,Latin America,14,NULL,-1,10,NULL,0
5073572,David Cameron,14,NULL,-1,10,NULL,0
5072855,QI,14,NULL,-1,10,NULL,0
5072137,Schools,14,NULL,-1,10,NULL,0
5069731,Belgium,14,NULL,-1,10,NULL,0
5069721,Italy,14,NULL,-1,10,NULL,0
5069611,France,14,NULL,-1,10,NULL,0
5069539,United Kingdom,14,NULL,-1,10,NULL,0
5069503,Austria,14,NULL,-1,10,NULL,0
5068453,Jupiter,14,NULL,-1,10,NULL,0
5068430,Saturn,14,NULL,-1,10,NULL,0
5068417,Uranus,14,NULL,-1,10,NULL,0
5062487,Sarah Palin,14,NULL,-1,10,NULL,0
5059831,Current events,14,NULL,-1,10,NULL,0
5059620,Pain,14,NULL,-1,10,NULL,0
5053802,Poker,14,NULL,-1,10,NULL,0
5050225,Memory,14,NULL,-1,10,NULL,0
5049239,Academy Awards,14,NULL,-1,10,NULL,0
5049168,Maintenance,14,NULL,-1,10,NULL,0
5048788,Bacteria,14,NULL,-1,10,NULL,0
5045281,Freemasonry,14,NULL,-1,10,NULL,0
5042288,European Union,14,NULL,-1,10,NULL,0
5041260,Stars,14,NULL,-1,10,NULL,0
5038809,Kabbalah,14,NULL,-1,10,NULL,0
5037709,Marvel Cinematic Universe,14,NULL,-1,10,NULL,0
5037680,Buffyverse,14,NULL,-1,10,NULL,0
5037601,Russia,14,NULL,-1,10,0,0
5037352,Korea,14,NULL,-1,10,NULL,0
5036583,Ganesha,14,NULL,-1,10,NULL,0
5032705,Vietnam,14,NULL,-1,10,NULL,0
5030703,Israel,14,NULL,-1,10,NULL,0
5030434,Germany,14,NULL,-1,10,NULL,0
5029467,Hellraiser,14,NULL,-1,10,NULL,0
5025282,Scientology,14,NULL,-1,10,NULL,0
5025236,Falun Gong,14,NULL,-1,10,NULL,0
5024747,Jazz,14,NULL,-1,10,NULL,0
5024292,Vatican City,14,NULL,-1,10,NULL,0
5023739,Signature,14,NULL,-1,10,NULL,0
5023376,Dacia,14,NULL,-1,10,NULL,0
5020048,Ice hockey,14,NULL,-1,10,NULL,0
5017182,Krishna,14,NULL,-1,10,NULL,0
5015558,Analytical chemistry,14,NULL,-1,10,NULL,0
5015162,Organic chemistry,14,NULL,-1,10,NULL,0
5014127,Hindu mythology,14,NULL,-1,10,NULL,0
5012598,NATO,14,NULL,-1,10,NULL,0
5011928,Dogs,14,NULL,-1,10,NULL,0
5011850,0,14,NULL,-1,10,NULL,0
5011728,Electronics,14,NULL,-1,10,NULL,0
5009698,Conservatism,14,NULL,-1,10,NULL,0
5009658,Lead,14,NULL,-1,10,NULL,0
5009060,Astatine,14,NULL,-1,10,NULL,0
5008714,Astrobiology,14,NULL,-1,10,NULL,0
5008594,Genetics,14,NULL,-1,10,NULL,0
5007983,Ecology,14,NULL,-1,10,NULL,0
5007974,Weapons of mass destruction,14,NULL,-1,10,NULL,0
5007905,Spaceflight,14,NULL,-1,10,NULL,0
5006315,Electromagnetism,14,NULL,-1,10,NULL,0
5005992,Water,14,NULL,-1,10,NULL,0
5005681,Discrimination,14,NULL,-1,10,NULL,0
5005236,Ice,14,NULL,-1,10,NULL,0
5004630,Christian music,14,NULL,-1,10,NULL,0
5004468,The Sims,14,NULL,-1,10,NULL,0
5004220,Capital punishment,14,NULL,-1,10,NULL,0
5003812,New Zealand,14,NULL,-1,10,NULL,0
5003763,Jainism,14,NULL,-1,10,NULL,0
5003276,Indonesia,14,NULL,-1,10,1,0
5002627,Creationism,14,NULL,-1,10,NULL,0
5002460,Donald Duck,14,NULL,-1,10,NULL,0
5002437,LGBT,14,NULL,-1,10,NULL,0
5002312,Australia,14,NULL,-1,10,NULL,0
5001686,Martin Luther,14,NULL,-1,10,NULL,0
5000641,Oceania,14,NULL,-1,10,NULL,0
5000638,Management,14,NULL,-1,10,NULL,0
5000259,Libertarianism,14,NULL,-1,10,NULL,0
5000228,Pornography,14,NULL,-1,10,NULL,0
4998539,Pokémon,14,NULL,-1,10,NULL,0
4998069,Book of Mormon,14,NULL,-1,10,NULL,0
4996708,Alternative medicine,14,NULL,-1,10,NULL,0
4996411,Communism,14,NULL,-1,10,1,0
4996092,Aviation,14,NULL,-1,10,NULL,0
4995941,Algebra,14,NULL,-1,10,1,0
4994973,Volleyball,14,NULL,-1,10,NULL,0
4994877,Basketball,14,NULL,-1,10,NULL,0
4994444,Netball,14,NULL,-1,10,NULL,0
4994385,Snooker,14,NULL,-1,10,NULL,0
4993562,Artificial intelligence,14,NULL,-1,10,1,0
4993189,Anarchism,14,NULL,-1,10,1,0
4992877,Privacy,14,NULL,-1,10,1,0
4992035,Economics,14,NULL,-1,10,NULL,0
4991980,Aesthetics,14,NULL,-1,10,NULL,0
4991975,Cosmology,14,NULL,-1,10,NULL,0
4991963,Ethics,14,NULL,-1,10,1,0
4991788,Weather,14,NULL,-1,10,NULL,0
4991481,Theology,14,NULL,-1,10,NULL,0
4991406,Gender,14,NULL,-1,10,1,0
4991386,Saints,14,NULL,-1,10,NULL,0
4991059,Glossaries,14,NULL,-1,10,NULL,0
12833868,Coldplay,14,NULL,-1,9,NULL,0
12833804,The Police,14,NULL,-1,9,NULL,0
12833792,The Kinks,14,NULL,-1,9,NULL,0
12752088,Aztec mythology,14,NULL,-1,9,NULL,0
12751903,The X-Files,14,NULL,-1,9,NULL,0
12751853,Copyright,14,NULL,-1,9,NULL,0
12751336,Orissa,14,NULL,-1,9,NULL,0
12749853,IRC,14,NULL,-1,9,NULL,0
12749550,Images,14,NULL,-1,9,NULL,0
12748830,Timeline,14,NULL,-1,9,NULL,0
12743623,Jay-Z,14,NULL,-1,9,NULL,0
12743499,USA,14,NULL,-1,9,NULL,0
12741503,RPG,14,NULL,-1,9,NULL,0
12735458,PROD,14,NULL,-1,9,NULL,0
12733558,Iron Maiden,14,NULL,-1,9,NULL,0
12732451,Media,14,NULL,-1,9,NULL,0
12720635,Autobiography,14,NULL,-1,9,NULL,0
12720597,Movies,14,NULL,-1,9,NULL,0
12719540,UAE,14,NULL,-1,9,NULL,0
12717740,Categorization,14,NULL,-1,9,NULL,0
12716691,Beyoncé Knowles,14,NULL,-1,9,NULL,0
12714678,Universe,14,NULL,-1,9,NULL,0
12714450,Pondicherry,14,NULL,-1,9,NULL,0
12710557,UK,14,NULL,-1,9,NULL,0
12707443,TV,14,NULL,-1,9,NULL,0
12698869,5,14,NULL,-1,9,NULL,0
12698868,6,14,NULL,-1,9,NULL,0
12698865,7,14,NULL,-1,9,NULL,0
12698864,8,14,NULL,-1,9,NULL,0
12672655,EuroVision,0,NULL,-1,9,NULL,0
12333441,Bridge,14,NULL,-1,9,NULL,0
12333235,Palestine,14,NULL,-1,9,NULL,0
12333102,Victoria,14,NULL,-1,9,NULL,0
12333096,Bremen,14,NULL,-1,9,NULL,0
12333026,Hyderabad,14,NULL,-1,9,NULL,0
12332995,Princeton,14,NULL,-1,9,NULL,0
12332879,Spam,14,NULL,-1,9,NULL,0
12332771,Capital,14,NULL,-1,9,NULL,0
12332716,Columbia,14,NULL,-1,9,NULL,0
12332417,CAM,14,NULL,-1,9,NULL,0
12244038,Protest the Hero,14,NULL,-1,9,NULL,0
12141755,Jay-Z,0,NULL,-1,9,NULL,0
12064509,Hatnote,0,NULL,-1,9,NULL,0
12062902,AI,0,NULL,-1,9,NULL,0
12062896,US,0,NULL,-1,9,NULL,0
12062574,Usa,0,NULL,-1,9,NULL,0
12061059,TV,0,NULL,-1,9,NULL,0
12059968,UK,0,NULL,-1,9,NULL,0
12058913,UAE,0,NULL,-1,9,NULL,0
12058005,IRC,0,NULL,-1,9,NULL,0
12054565,ISS,0,NULL,-1,9,NULL,0
12054515,IPA,0,NULL,-1,9,NULL,0
12052614,URL,0,NULL,-1,9,NULL,0
12050503,PAGE,0,NULL,-1,9,NULL,0
12035375,ﬂ,0,NULL,-1,9,NULL,0
12020196,Beyoncé Knowles,0,NULL,-1,9,NULL,0
12014115,Disambiguation,0,NULL,-1,9,NULL,0
11912037,Movies,0,NULL,-1,9,NULL,0
11810577,Slipknot,0,NULL,-1,9,NULL,0
11799853,Portals,14,NULL,-1,9,NULL,0
11795496,Wikipedia FAQ,14,NULL,-1,9,NULL,0
11635710,Oss,14,NULL,-1,9,NULL,0
11418240,Calvinism,14,NULL,-1,9,NULL,0
11304401,Primates,14,NULL,-1,9,NULL,0
11295088,Mammals,14,NULL,-1,9,NULL,0
11294271,Reptiles,14,NULL,-1,9,NULL,0
11216499,Insects,14,NULL,-1,9,NULL,0
10774193,Football in England,14,NULL,-1,9,NULL,0
10397691,Death metal,14,NULL,-1,9,NULL,0
10299280,Euroleague,14,NULL,-1,9,NULL,0
10206076,Purdue University,14,NULL,-1,9,NULL,0
9834108,Sydney,14,NULL,-1,9,NULL,0
9834105,Melbourne,14,NULL,-1,9,NULL,0
9796796,EuroLeague,0,NULL,-1,9,NULL,0
9790110,Dream Theater,0,NULL,-1,9,NULL,0
9763475,University of Houston,14,NULL,-1,9,NULL,0
9762915,Houston,14,NULL,-1,9,NULL,0
9695815,"Austin, Texas",14,NULL,-1,9,NULL,0
9651614,Karachi,14,NULL,-1,9,NULL,0
9643392,Syracuse University,14,NULL,-1,9,NULL,0
9637076,Baltimore,14,NULL,-1,9,NULL,0
9631895,Korn,14,NULL,-1,9,NULL,0
9587264,Oss,0,NULL,-1,9,NULL,0
9584040,Syracuse University,0,NULL,-1,9,NULL,0
9536560,Mediaș,0,NULL,-1,9,NULL,0
9401319,Brown University,14,NULL,-1,9,NULL,0
9371983,FC Barcelona,14,NULL,-1,9,NULL,0
9358734,Pearl Jam,0,NULL,-1,9,NULL,0
9317003,Vancouver,14,NULL,-1,9,NULL,0
9313203,Pondicherry,0,NULL,-1,9,NULL,0
9275329,Sussex,14,NULL,-1,9,NULL,0
9241347,Aerosmith,0,NULL,-1,9,NULL,0
9225777,Classical guitar,14,NULL,-1,9,NULL,0
9218954,Korn,0,NULL,-1,9,NULL,0
9213522,Lancashire,14,NULL,-1,9,NULL,0
9210723,Protest the Hero,0,NULL,-1,9,NULL,0
9122871,Vaughan,14,NULL,-1,9,NULL,0
8989596,Magnapop,0,NULL,-1,9,NULL,0
8954093,The Kinks,0,NULL,-1,9,NULL,0
8798365,Caps,14,NULL,-1,9,NULL,0
8795751,Dash,0,NULL,-1,9,NULL,0
8790746,Backstreet Boys,0,NULL,-1,9,NULL,0
8787544,Hobart,14,NULL,-1,9,NULL,0
8778447,Death metal,0,NULL,-1,9,NULL,0
8767297,The Police,0,NULL,-1,9,NULL,0
8670744,Hobart,0,NULL,-1,9,NULL,0
8654139,Vancouver,0,NULL,-1,9,NULL,0
8649966,Coldplay,0,NULL,-1,9,NULL,0
8645055,A-League,14,NULL,-1,9,NULL,0
8626814,G-Unit Records,0,NULL,-1,9,NULL,0
8583868,FC Barcelona,0,NULL,-1,9,NULL,0
8469934,Purdue University,0,NULL,-1,9,NULL,0
8296430,Sydney,0,NULL,-1,9,NULL,0
8196989,Shenzhen,14,NULL,-1,9,NULL,0
8167571,F,0,NULL,-1,9,NULL,0
8141954,A-League,0,NULL,-1,9,NULL,0
8128658,Brown University,0,NULL,-1,9,NULL,0
8118520,Iron maiden,0,NULL,-1,9,NULL,0
8047304,Calvinism,0,NULL,-1,9,NULL,0
8046485,Walmart,14,NULL,-1,9,NULL,0
8033272,Cat,0,NULL,-1,9,NULL,0
7985419,Pope John Paul II,14,NULL,-1,9,NULL,0
7787090,"Hamilton, Ontario",14,NULL,-1,9,NULL,0
7735668,Walmart,0,NULL,-1,9,NULL,0
7721600,Classical guitar,0,NULL,-1,9,NULL,0
7653365,Primates,0,NULL,-1,9,NULL,0
7628342,Bremen,0,NULL,-1,9,NULL,0
7510559,C++,14,NULL,-1,9,NULL,0
7479589,Pixar,14,NULL,-1,9,NULL,0
7479170,Pixar,0,NULL,-1,9,NULL,0
7456955,WikiProject,0,NULL,-1,9,NULL,0
7369213,C++,0,NULL,-1,9,NULL,0
7224944,Nina Simone,0,NULL,-1,9,NULL,0
7113286,Lancashire,0,NULL,-1,9,NULL,0
7112194,Bob Marley,0,NULL,-1,9,NULL,0
7099928,The Phantom,0,NULL,-1,9,NULL,0
7042501,Devo,0,NULL,-1,9,NULL,0
6967388,Reference desk,0,NULL,-1,9,NULL,0
6967035,Citation,0,NULL,-1,9,NULL,0
6954423,The X-Files,0,NULL,-1,9,NULL,0
6922038,Whitney Houston,0,NULL,-1,9,NULL,0
6919373,Bridge,0,NULL,-1,9,NULL,0
6917045,House,0,NULL,-1,9,NULL,0
6913671,Shenzhen,0,NULL,-1,9,NULL,0
6886843,Aztec mythology,0,NULL,-1,9,NULL,0
6880074,Marvin Gaye,0,NULL,-1,9,NULL,0
6879706,Sorting,0,NULL,-1,9,NULL,0
6834274,Meghan Trainor,0,NULL,-1,9,NULL,0
6823083,Jay Sean,0,NULL,-1,9,NULL,0
6741715,Phil Collins,0,NULL,-1,9,NULL,0
6736653,Brandy Norwood,0,NULL,-1,9,NULL,0
6680006,Diana Ross,0,NULL,-1,9,NULL,0
6518146,Luis Miguel,0,NULL,-1,9,NULL,0
6492782,Dannii Minogue,0,NULL,-1,9,NULL,0
6471662,Cher,0,NULL,-1,9,NULL,0
6348295,Kelly Clarkson,0,NULL,-1,9,NULL,0
6335963,Kesha,0,NULL,-1,9,NULL,0
6305318,Taylor Swift,0,NULL,-1,9,NULL,0
6263431,Jessica Simpson,0,NULL,-1,9,NULL,0
6188876,Tinchy Stryder,0,NULL,-1,9,NULL,0
6184765,Hans Zimmer,0,NULL,-1,9,NULL,0
6075340,Purge,0,NULL,-1,9,NULL,0
6045099,Documentation,0,NULL,-1,9,NULL,0
6003765,Cam,0,NULL,-1,9,NULL,0
5953428,Fergie,0,NULL,-1,9,NULL,0
5944211,Timeline,0,NULL,-1,9,NULL,0
5928069,Twilight,0,NULL,-1,9,NULL,0
5908031,Baltimore,0,NULL,-1,9,NULL,0
5900142,Copyright,0,NULL,-1,9,NULL,0
5893502,Pope John Paul II,0,NULL,-1,9,NULL,0
5887106,Universe,0,NULL,-1,9,NULL,0
5877871,Stephen Hawking,0,NULL,-1,9,NULL,0
5872032,Paula Abdul,0,NULL,-1,9,NULL,0
5859224,Dino,0,NULL,-1,9,NULL,0
5855042,Houston,0,NULL,-1,9,NULL,0
5853882,"Austin, Texas",0,NULL,-1,9,NULL,0
5849282,Karachi,0,NULL,-1,9,NULL,0
5849201,Hyderabad,0,NULL,-1,9,NULL,0
5849104,Melbourne,0,NULL,-1,9,NULL,0
5840953,Glossary,0,NULL,-1,9,NULL,0
5839691,Categorization,0,NULL,-1,9,NULL,0
5834421,Millennium,0,NULL,-1,9,NULL,0
5833912,Autobiography,0,NULL,-1,9,NULL,0
5771645,Nick Clegg,14,NULL,-1,9,NULL,0
5745056,Metalocalypse,14,NULL,-1,9,NULL,0
5744391,California,14,NULL,-1,9,NULL,0
5744348,Connecticut,14,NULL,-1,9,NULL,0
5744311,Missouri,14,NULL,-1,9,NULL,0
5744258,Minnesota,14,NULL,-1,9,NULL,0
5744200,Nebraska,14,NULL,-1,9,NULL,0
5744179,New Hampshire,14,NULL,-1,9,NULL,0
5744153,New Mexico,14,NULL,-1,9,NULL,0
5744130,Maine,14,NULL,-1,9,NULL,0
5744048,Michigan,14,NULL,-1,9,NULL,0
5744027,Arizona,14,NULL,-1,9,NULL,0
5743861,Idaho,14,NULL,-1,9,NULL,0
5743832,North Dakota,14,NULL,-1,9,NULL,0
5743808,Wisconsin,14,NULL,-1,9,NULL,0
5743772,South Dakota,14,NULL,-1,9,NULL,0
5743662,New Jersey,14,NULL,-1,9,NULL,0
5743630,Ohio,14,NULL,-1,9,NULL,0
5743593,Maryland,14,NULL,-1,9,NULL,0
5743527,Montana,14,NULL,-1,9,NULL,0
5737451,Zagreb,14,NULL,-1,9,NULL,0
5736866,North Carolina,14,NULL,-1,9,NULL,0
5736830,Tennessee,14,NULL,-1,9,NULL,0
5736815,Alabama,14,NULL,-1,9,NULL,0
5736642,Mumbai,14,NULL,-1,9,NULL,0
5715557,Cincinnati,14,NULL,-1,9,NULL,0
5691137,Emo,14,NULL,-1,9,NULL,0
5684057,Wikimedia,14,NULL,-1,9,NULL,0
5679852,New Orleans,14,NULL,-1,9,NULL,0
5679829,Philadelphia,14,NULL,-1,9,NULL,0
5679720,Ios,14,NULL,-1,9,NULL,0
5671614,Eggs,14,NULL,-1,9,NULL,0
5669467,Coca-Cola,14,NULL,-1,9,NULL,0
5656799,West Virginia,14,NULL,-1,9,NULL,0
5656230,Oklahoma,14,NULL,-1,9,NULL,0
5563909,Maya Angelou,14,NULL,-1,9,NULL,0
5552478,NASDAQ,14,NULL,-1,9,NULL,0
5526753,United States Air Force,14,NULL,-1,9,NULL,0
5511057,Paris,14,NULL,-1,9,NULL,0
5505951,Malacca,14,NULL,-1,9,NULL,0
5492324,Dubai,14,NULL,-1,9,NULL,0
5491914,Odisha,14,NULL,-1,9,NULL,0
5491627,Goa,14,NULL,-1,9,NULL,0
5487863,Tamil,14,NULL,-1,9,NULL,0
5469501,Edgar Allan Poe,14,NULL,-1,9,NULL,0
5455467,Joseph Smith,14,NULL,-1,9,NULL,0
5449730,24,14,NULL,-1,9,NULL,0
5437563,Apple Inc.,14,NULL,-1,9,1,0
5436463,Lutheranism,14,NULL,-1,9,NULL,0
5423799,Belgrade,14,NULL,-1,9,NULL,0
5422925,Islamabad,14,NULL,-1,9,NULL,0
5405048,New Brunswick,14,NULL,-1,9,NULL,0
5404972,Manitoba,14,NULL,-1,9,NULL,0
5401617,Tokyo,14,NULL,-1,9,NULL,0
5397927,New South Wales,14,NULL,-1,9,NULL,0
5392958,CNN,14,NULL,-1,9,NULL,0
5390633,Uruguay,14,NULL,-1,9,NULL,0
5390516,Venezuela,14,NULL,-1,9,NULL,0
5389805,Ankara,14,NULL,-1,9,NULL,0
5382416,Quebec,14,NULL,-1,9,NULL,0
5382124,Isle of Man TT,14,NULL,-1,9,NULL,0
5374213,Formula One,14,NULL,-1,9,NULL,0
5363268,Isle of Wight,14,NULL,-1,9,NULL,0
5362176,Dorset,14,NULL,-1,9,NULL,0
5362142,Cornwall,14,NULL,-1,9,NULL,0
5361867,North East England,14,NULL,-1,9,NULL,0
5359265,Amiga,14,NULL,-1,9,NULL,0
5356041,Spartacus,14,NULL,-1,9,NULL,0
5343240,Hannibal,14,NULL,-1,9,NULL,0
5343116,Country music,14,NULL,-1,9,NULL,0
5331572,Methodism,14,NULL,-1,9,NULL,0
5325552,Rivers,14,NULL,-1,9,NULL,0
5324311,Suriname,14,NULL,-1,9,NULL,0
5314735,Disney's Animal Kingdom,14,NULL,-1,9,NULL,0
5311848,AOL,14,NULL,-1,9,NULL,0
5296548,Girls' Generation,14,NULL,-1,9,NULL,0
5294170,Tea,14,NULL,-1,9,NULL,0
5292197,History of China,14,NULL,-1,9,NULL,0
5275880,International trade,14,NULL,-1,9,NULL,0
5275450,Ham,14,NULL,-1,9,NULL,0
5269614,Public transport,14,NULL,-1,9,NULL,0
5260987,Amateur radio,14,NULL,-1,9,NULL,0
5247820,X-Men,14,NULL,-1,9,NULL,0
5244475,Anime,14,NULL,-1,9,1,0
5243254,Xbox,14,NULL,-1,9,NULL,0
5228071,Dragonlance,14,NULL,-1,9,NULL,0
5226917,Military history of Canada,14,NULL,-1,9,NULL,0
5226864,Climbing,14,NULL,-1,9,NULL,0
5225651,Warcraft,14,NULL,-1,9,NULL,0
5217062,Radio,14,NULL,-1,9,NULL,0
5206871,SpaceX,14,NULL,-1,9,NULL,0
5203046,G.I. Joe,14,NULL,-1,9,NULL,0
5195216,Cryptozoology,14,NULL,-1,9,NULL,0
5193329,Linear algebra,14,NULL,-1,9,NULL,0
5188064,Code Lyoko,14,NULL,-1,9,NULL,0
5182339,Roots,14,NULL,-1,9,NULL,0
5172573,Arabic language,14,NULL,-1,9,NULL,0
5164558,Gilgit-Baltistan,14,NULL,-1,9,NULL,0
5164016,World of Warcraft,14,NULL,-1,9,NULL,0
5161309,Adoption,14,NULL,-1,9,NULL,0
5150639,"Washington, D.C.",14,NULL,-1,9,NULL,0
5146860,Biathlon,14,NULL,-1,9,NULL,0
5146765,Somalia,14,NULL,-1,9,NULL,0
5145872,South Africa,14,NULL,-1,9,NULL,0
5145499,Benin,14,NULL,-1,9,NULL,0
5145434,Togo,14,NULL,-1,9,NULL,0
5145360,Sudan,14,NULL,-1,9,NULL,0
5139025,Superman,14,NULL,-1,9,NULL,0
5137635,Badminton,14,NULL,-1,9,NULL,0
5137078,Cambodia,14,NULL,-1,9,NULL,0
5136646,Yemen,14,NULL,-1,9,NULL,0
5136405,South Korea,14,NULL,-1,9,NULL,0
5136128,Saudi Arabia,14,NULL,-1,9,NULL,0
5136066,Pakistan,14,NULL,-1,9,NULL,0
5135926,United Arab Emirates,14,NULL,-1,9,NULL,0
5135740,Thailand,14,NULL,-1,9,1,0
5133256,Central Asia,14,NULL,-1,9,NULL,0
5131931,Taiwan,14,NULL,-1,9,NULL,0
5127787,Portugal,14,NULL,-1,9,NULL,0
5126946,Netherlands,14,NULL,-1,9,NULL,0
5125393,Marvel Comics,14,NULL,-1,9,NULL,0
5124413,Europe,14,NULL,-1,9,NULL,0
5117160,Fencing,14,NULL,-1,9,NULL,0
5116977,Boxing,14,NULL,-1,9,NULL,0
5116413,Sonic the Hedgehog,14,NULL,-1,9,NULL,0
5116131,Gymnastics,14,NULL,-1,9,NULL,0
5115096,StarCraft,14,NULL,-1,9,NULL,0
5113199,PlayStation 3,14,NULL,-1,9,NULL,0
5108586,Kalevala,14,NULL,-1,9,NULL,0
5103303,Deus Ex,14,NULL,-1,9,NULL,0
5097046,Mario characters,14,NULL,-1,9,NULL,0
5088485,Children's literature,14,NULL,-1,9,NULL,0
5087610,Cricket,14,NULL,-1,9,NULL,0
5087555,Hockey,14,NULL,-1,9,NULL,0
5086661,Association football,14,NULL,-1,9,NULL,0
5085691,Science fiction,14,NULL,-1,9,1,0
5085259,Tuvalu,14,NULL,-1,9,NULL,0
5085172,Bahrain,14,NULL,-1,9,NULL,0
5085061,Isle of Man,14,NULL,-1,9,NULL,0
5084923,Fruit,14,NULL,-1,9,NULL,0
5084643,Maldives,14,NULL,-1,9,NULL,0
5083969,Sri Lanka,14,NULL,-1,9,NULL,0
5083583,Trinidad and Tobago,14,NULL,-1,9,NULL,0
5079531,Theatre,14,NULL,-1,9,NULL,0
5078418,Jargon,14,NULL,-1,9,NULL,0
5078295,Singapore,14,NULL,-1,9,1,0
5077809,Uganda,14,NULL,-1,9,NULL,0
5077687,Rwanda,14,NULL,-1,9,NULL,0
5077653,Slovenia,14,NULL,-1,9,NULL,0
5077620,Belarus,14,NULL,-1,9,NULL,0
5077596,South Sudan,14,NULL,-1,9,NULL,0
5077544,Armenia,14,NULL,-1,9,NULL,0
5077510,Estonia,14,NULL,-1,9,NULL,0
5077456,Malawi,14,NULL,-1,9,NULL,0
5077422,Zambia,14,NULL,-1,9,NULL,0
5077383,Pomerania,14,NULL,-1,9,NULL,0
5077263,Macedonia,14,NULL,-1,9,NULL,0
5077215,Croatia,14,NULL,-1,9,NULL,0
5077141,Afghanistan,14,NULL,-1,9,NULL,0
5077069,Mongolia,14,NULL,-1,9,NULL,0
5076938,Zimbabwe,14,NULL,-1,9,NULL,0
5076861,Malta,14,NULL,-1,9,NULL,0
5074463,Tibet,14,NULL,-1,9,NULL,0
5073865,Computing,14,NULL,-1,9,1,0
5072309,Lighthouses,14,NULL,-1,9,NULL,0
5071135,Coins,14,NULL,-1,9,NULL,0
5069785,Andorra,14,NULL,-1,9,NULL,0
5069013,Currency,14,NULL,-1,9,NULL,0
5067395,Amusement parks,14,NULL,-1,9,0,0
5066685,Volcanoes,14,NULL,-1,9,NULL,0
5065268,Baptist,14,NULL,-1,9,NULL,0
5061673,Malware,14,NULL,-1,9,NULL,0
5061189,Rocketry,14,NULL,-1,9,NULL,0
5058752,Sources,14,NULL,-1,9,NULL,0
5058611,Orders of magnitude,14,NULL,-1,9,NULL,0
5057124,Colors,14,NULL,-1,9,NULL,0
5056209,FAQ,14,NULL,-1,9,NULL,0
5055589,Fungi,14,NULL,-1,9,NULL,0
5053332,Cold War,14,NULL,-1,9,NULL,0
5052808,Internet Relay Chat,14,NULL,-1,9,NULL,0
5051849,British Library,14,NULL,-1,9,NULL,0
5051045,Azerbaijan,14,NULL,-1,9,NULL,0
5050821,Law enforcement,14,NULL,-1,9,NULL,0
5049742,Soviet Union,14,NULL,-1,9,NULL,0
5049659,United States,14,NULL,-1,9,NULL,0
5047396,Software,14,NULL,-1,9,NULL,0
5043853,The Chaser,14,NULL,-1,9,NULL,0
5041159,Extinction,14,NULL,-1,9,NULL,0
5039965,Lahore,14,NULL,-1,9,NULL,0
5038540,The Untouchables,14,NULL,-1,9,NULL,0
5036694,Seas,14,NULL,-1,9,NULL,0
5033792,History of Scotland,14,NULL,-1,9,NULL,0
5033664,Difference,14,NULL,-1,9,NULL,0
5033595,Scotland,14,NULL,-1,9,NULL,0
5032745,Crusades,14,NULL,-1,9,NULL,0
5032082,Taoism,14,NULL,-1,9,NULL,0
5030736,Sufism,14,NULL,-1,9,NULL,0
5029686,Computer graphics,14,NULL,-1,9,NULL,0
5029268,God,14,NULL,-1,9,NULL,0
5029261,Meteorology,14,NULL,-1,9,NULL,0
5028627,Paleontology,14,NULL,-1,9,NULL,0
5028553,Geology,14,NULL,-1,9,1,0
5027414,Norse mythology,14,NULL,-1,9,NULL,0
5026754,Archimedes,14,NULL,-1,9,NULL,0
5025941,Novels,14,NULL,-1,9,NULL,0
5025778,American Revolutionary War,14,NULL,-1,9,NULL,0
5025072,Information,14,NULL,-1,9,NULL,0
5024624,North Korea,14,NULL,-1,9,NULL,0
5023706,Astrology,14,NULL,-1,9,NULL,0
5023013,Classical music,14,NULL,-1,9,1,0
5021106,Poetry,14,NULL,-1,9,NULL,0
5016742,Greek mythology,14,NULL,-1,9,NULL,0
5014217,Property,14,NULL,-1,9,1,0
5013671,Gnosticism,14,NULL,-1,9,NULL,0
5012435,Nucleosynthesis,14,NULL,-1,9,NULL,0
5012295,Suicide,14,NULL,-1,9,NULL,0
5010695,Capitalism,14,NULL,-1,9,NULL,0
5010113,Cadmium,14,NULL,-1,9,NULL,0
5010039,Holmium,14,NULL,-1,9,NULL,0
5009983,Polonium,14,NULL,-1,9,NULL,0
5009889,Bohrium,14,NULL,-1,9,NULL,0
5009659,Espionage,14,NULL,-1,9,NULL,0
5009581,Livermorium,14,NULL,-1,9,NULL,0
5009410,Beryllium,14,NULL,-1,9,NULL,0
5009360,Magnesium,14,NULL,-1,9,NULL,0
5009298,Barium,14,NULL,-1,9,NULL,0
5009252,Indium,14,NULL,-1,9,NULL,0
